<?xml version="1.0" encoding="UTF-8"?>
<!DOCTYPE mapper PUBLIC "-//mybatis.org//DTD Mapper 3.0//EN" "http://mybatis.org/dtd/mybatis-3-mapper.dtd">
<mapper namespace="com.example.demo.mapper.类别Mapper">

    <!-- 通用查询映射结果 -->
    <resultMap id="BaseResultMap" type="com.example.demo.entity.类别">
        <id column="类别ID" property="类别id" />
        <result column="类别名称" property="类别名称" />
        <result column="说明" property="说明" />
        <result column="图片" property="图片" />
    </resultMap>

    <select id="getimage" resultMap="BaseResultMap">
        select 图片
        from 类别
        where 类别id = #{类别id,jdbcType=INTEGER}
    </select>


    <!-- 通用查询结果列 -->
    <sql id="Base_Column_List">
        类别ID, 类别名称, 说明, 图片
    </sql>

</mapper>
